﻿pos_x,pos_y,rotation,side,designator,mpn,pack,value,mount_type,place
152.908,-63.5,-90.0,top,D1,,LED_D5.0mm,LED VERDE,tht,True
152.908,-86.36,-90.0,top,D2,,LED_D5.0mm,LED NARANJA,tht,True
152.908,-109.982,-90.0,top,D3,,LED_D5.0mm,LED ROJO,tht,True
99.187,-55.372,0.0,top,J1,,USB -1x04_P2.54mm,Power,tht,True
161.036,-68.58,180.0,top,J2,,PinHeader_1x02_P2.54mm_Vertical,Conn_01x02,tht,True
161.036,-91.44,180.0,top,J3,,PinHeader_1x02_P2.54mm_Vertical,Conn_01x02,tht,True
161.036,-115.067,180.0,top,J4,,PinHeader_1x02_P2.54mm_Vertical,Conn_01x02,tht,True
161.036,-60.965,180.0,top,JP1,,PinHeader_1x02_P2.54mm_Vertical,Jumper_2_Bridged,tht,True
161.036,-83.825,180.0,top,JP2,,PinHeader_1x02_P2.54mm_Vertical,Jumper_2_Bridged,tht,True
161.036,-107.447,180.0,top,JP3,,PinHeader_1x02_P2.54mm_Vertical,Jumper_2_Bridged,tht,True
108.458,-103.66,0.0,top,R1,,R_Axial_DIN0207_L6.3mm_D2.5mm_P10.16mm_Horizontal,10k,tht,True
108.458,-108.472,0.0,top,R2,,R_Axial_DIN0207_L6.3mm_D2.5mm_P10.16mm_Horizontal,10k,tht,True
108.458,-113.284,0.0,top,R3,,R_Axial_DIN0207_L6.3mm_D2.5mm_P10.16mm_Horizontal,10k,tht,True
108.458,-118.11,0.0,top,R4,,R_Axial_DIN0207_L6.3mm_D2.5mm_P10.16mm_Horizontal,10k,tht,True
157.988,-58.42,180.0,top,R5,,R_Axial_DIN0207_L6.3mm_D2.5mm_P10.16mm_Horizontal,220,tht,True
157.988,-81.28,180.0,top,R6,,R_Axial_DIN0207_L6.3mm_D2.5mm_P10.16mm_Horizontal,220,tht,True
157.988,-104.902,180.0,top,R7,,R_Axial_DIN0207_L6.3mm_D2.5mm_P10.16mm_Horizontal,220,tht,True
73.152,-67.564,90.0,top,SW1,,SW_PUSH-12mm,SW_Push,tht,True
73.152,-85.598,90.0,top,SW2,,SW_PUSH-12mm,SW_Push,tht,True
73.152,-103.632,90.0,top,SW3,,SW_PUSH-12mm,SW_Push,tht,True
73.152,-121.666,90.0,top,SW4,,SW_PUSH-12mm,SW_Push,tht,True
132.09,-49.271,0.0,top,U1,,DIP-14_W7.62mm,74LS04,tht,True
132.08,-78.994,0.0,top,U2,,DIP-14_W7.62mm,74LS08,tht,True
132.08,-110.236,0.0,top,U3,,DIP-14_W7.62mm,74LS32,tht,True
