﻿designator,quantity,value,pack,mpn,mount_type
D1,1,LED VERDE,LED_D5.0mm,,tht
D2,1,LED NARANJA,LED_D5.0mm,,tht
D3,1,LED ROJO,LED_D5.0mm,,tht
J1,1,Power,USB -1x04_P2.54mm,,tht
"J2, J3, J4",3,Conn_01x02,PinHeader_1x02_P2.54mm_Vertical,,tht
"JP1, JP2, JP3",3,Jumper_2_Bridged,PinHeader_1x02_P2.54mm_Vertical,,tht
"R1, R2, R3, R4",4,10k,R_Axial_DIN0207_L6.3mm_D2.5mm_P10.16mm_Horizontal,,tht
"R5, R6, R7",3,220,R_Axial_DIN0207_L6.3mm_D2.5mm_P10.16mm_Horizontal,,tht
"SW1, SW2, SW3, SW4",4,SW_Push,SW_PUSH-12mm,,tht
U1,1,74LS04,DIP-14_W7.62mm,,tht
U2,1,74LS08,DIP-14_W7.62mm,,tht
U3,1,74LS32,DIP-14_W7.62mm,,tht
